"timestamp","machine_id","vibration","acoustic","temperature","current","IMF_1","IMF_2","IMF_3","true_label","xgb_prob","xgb_pred"
2024-07-02 10:40:00,"M02",1.34789533684316,0.645006851643107,79.9886844956431,20.0393088552673,0.411425059104848,0.195178251651481,0.111414353127325,1,1.0001060962677,1
2024-07-02 10:41:00,"M03",1.33162399388142,0.929658476198949,61.2848239830716,15.0814596609073,0.269635947086016,0.18407711418549,0.155297447820498,1,1.0000616312027,1
2024-07-02 10:42:00,"M04",1.44394198964446,0.807662131345525,86.0844977985001,13.6502503433803,0.339551000061595,0.253119862836016,0.12450666391562,1,1.00008356571198,1
2024-07-02 10:43:00,"M01",1.28482391254612,0.733927077670951,74.449278472512,15.865315281392,0.343275158604253,0.182895236901637,0.125272288608855,1,1.0001460313797,1
2024-07-02 10:44:00,"M02",1.18370591155233,1.32409155218632,79.0374872558407,15.3925922451116,0.335311975259916,0.269810854362095,0.0820455923529536,1,1.00699841976166,1
2024-07-02 10:45:00,"M03",0.85533077667231,0.873858379940897,73.0917937708768,17.0488488111561,0.380391103010568,0.186866706110499,0.147819111946668,1,1.00000441074371,1
2024-07-02 10:46:00,"M04",0.964683659326757,0.893688238197242,86.2756778080104,12.975024323751,0.233387883852782,0.271997462887359,0.146881025038326,1,0.997866868972778,1
2024-07-02 10:47:00,"M01",1.4021380440865,0.644943707755052,77.1411978389343,16.3251198981922,0.367178174209788,0.188585087111359,0.133929561917916,1,1.00002336502075,1
2024-07-02 10:48:00,"M02",1.26088997146102,0.949256731566827,79.1666862748534,11.6114321680884,0.324627311070183,0.198507275012191,0.099235019309103,1,0.99945992231369,1
2024-07-02 10:49:00,"M03",0.960697068810621,0.597771198021024,67.4412977055901,10.8160414212509,0.421636947411452,0.268818455313483,0.112855923375728,1,0.99970930814743,1
2024-07-02 10:50:00,"M04",1.18527706517832,0.761542606375681,87.8299929384863,18.9154512805606,0.167181230994329,0.256122900153516,0.140499962307055,1,1.00353050231934,1
2024-07-02 10:51:00,"M01",1.0683929144521,0.944819715802734,84.5950117371696,15.4456428486814,0.390168611252614,0.162465147990898,0.0968234894108704,1,0.994880318641663,1
2024-07-02 10:52:00,"M02",1.26418881755482,1.13148560343528,68.8194091339735,16.2655558841971,0.245979420102256,0.221931853587189,0.125713316812823,1,1.00008487701416,1
2024-07-02 10:53:00,"M03",1.54723935059024,0.632123786772575,77.6496794899747,14.4054007976451,0.320146103270363,0.166375168038239,0.114187311022936,1,1.00071704387665,1
2024-07-02 10:54:00,"M04",1.02030235472318,0.779457368455882,85.1662574505509,16.9655456990145,0.424178390877546,0.160483615125108,0.116424175517391,1,1.00065958499908,1
2024-07-02 10:55:00,"M01",1.07496310704306,0.908823959284634,75.7189567001532,16.1682416391943,0.27225800659174,0.277693077002201,0.133172318383998,1,0.999909579753876,1
2024-07-02 10:56:00,"M02",1.22067832048267,1.07637987929157,77.7431789230671,15.8924176900378,0.342010977799471,0.26315836140031,0.112492472303035,1,1.00002729892731,1
2024-07-02 10:57:00,"M03",1.20572700684003,0.783170935011534,76.027730663894,7.53367500037516,0.370031697481025,0.214720798159885,0.149991820897166,1,0.999681890010834,1
2024-07-02 10:58:00,"M04",1.32230505043044,0.704310272589815,89.9774350251587,16.8802469849758,0.390944572569679,0.149398068076092,0.100827897583119,1,1.00097680091858,1
2024-07-02 10:59:00,"M01",1.42191446579787,1.20168889972641,74.1350933404498,13.1685161385499,0.255946941985362,0.244324285891268,0.109187503411597,1,1.00003266334534,1
2024-07-02 11:00:00,"M02",0.844115560363771,1.15770844066162,67.7293952513241,14.944690770195,0.449115130477251,0.182342203006624,0.116076379525971,1,1.00010621547699,1
2024-07-02 11:01:00,"M03",1.11171996443568,0.91405066544409,83.0504152510087,16.4222434622963,0.30068933898024,0.22144456212595,0.117291710843503,1,0.999826371669769,1
2024-07-02 11:02:00,"M04",1.19324095699517,0.869396067263638,83.1033694964701,17.239815424804,0.392268494794424,0.216978840599909,0.130544848214117,1,1.00004935264587,1
2024-07-02 11:03:00,"M01",1.19982560734467,1.1326955802629,83.8015467504262,17.9737728906519,0.313460535435793,0.229077777323828,0.157720815113122,1,0.999961972236633,1
2024-07-02 11:04:00,"M02",1.1734346384243,0.783887377371561,83.6241918753002,20.5863370060843,0.40392225095768,0.252306126048984,0.128660302054893,1,1.0001060962677,1
2024-07-02 11:05:00,"M03",1.17895953395656,0.824151597005831,72.0296017141597,13.2487752497435,0.318224523880677,0.261607754761331,0.110556658140675,1,1.00002884864807,1
2024-07-02 11:06:00,"M04",0.802340455570863,0.607663403837223,64.8864011680859,16.1957517752299,0.312659007234394,0.189890089464776,0.147138986447692,1,0.999913036823273,1
2024-07-02 11:07:00,"M01",1.21623479665296,1.14966765034658,82.0104255809705,16.7846289359821,0.331036364962892,0.20791558565878,0.128199362942846,1,0.999961972236633,1
2024-07-02 11:08:00,"M02",0.985116451931285,1.0382792993405,71.6879490989291,16.9786423741297,0.315022107322289,0.230445675360414,0.14499060965696,1,1.00007879734039,1
2024-07-02 11:09:00,"M03",1.30641182373034,1.1477934518956,83.089401102508,16.9841498317855,0.480644796202639,0.176896737969378,0.169190055424538,1,0.999936640262604,1
2024-07-02 11:10:00,"M04",1.17957142447721,0.931557611171791,81.6109154606567,13.5031659786584,0.3179497512874,0.220698384297826,0.105374989669268,1,0.999814331531525,1
2024-07-02 11:11:00,"M01",1.31379550161451,0.516006374733252,83.7508907675027,18.2389008484434,0.389811709031061,0.261660955644445,0.106728957680022,1,1.00107455253601,1
2024-07-02 11:12:00,"M02",1.38219060305406,0.875809609633845,72.0438982226361,17.1752325032648,0.351707818001689,0.291117262961401,0.143192146458593,1,1.00013697147369,1
2024-07-02 11:13:00,"M03",0.8402414929693,1.33679609770782,73.2042826404809,14.0351749980913,0.295705439065922,0.317394353209386,0.15229268652834,1,0.999986112117767,1
2024-07-02 11:14:00,"M04",1.21756335179535,1.00111522145141,76.0573738869531,11.6253833518217,0.280674927074388,0.241674654683438,0.126375207251015,1,0.999569416046143,1
2024-07-02 11:15:00,"M01",1.31454190200409,1.08788632362981,78.4642341593194,13.8840234149806,0.323721504289474,0.182471063283785,0.13831935644795,1,1.00001287460327,1
2024-07-02 11:16:00,"M02",0.867595136788105,0.717607969526655,60.5164493997754,12.1645456968403,0.201224380813603,0.114466077675741,0.054794838321396,0,-3.12914676214859e-06,0
2024-07-02 11:17:00,"M03",1.05247598165519,0.718245932236784,63.5981350079576,13.5649725954964,0.148581751151171,0.0847215456466779,0.0279425928930473,0,-2.58161458077666e-06,0
2024-07-02 11:18:00,"M04",0.595041723755964,0.430280111734811,63.3973759618233,11.6569184278041,0.150135425503738,0.103746119974667,0.0245815407636403,0,-2.58161458077666e-06,0
2024-07-02 11:19:00,"M01",0.644808622308544,0.605016344209443,69.6639134442795,11.8222703363229,0.198646200615284,0.157581382943088,0.0543445135520143,0,-4.65764387627132e-05,0
2024-07-02 11:20:00,"M02",0.782064227345432,0.468898280272642,56.0710300549331,11.8793517166546,0.245468106164992,0.114507566637174,0.064720436510753,0,-3.12914676214859e-06,0
2024-07-02 11:21:00,"M03",0.823443570854504,0.49458099189519,67.8998369886274,10.8020902129736,0.23457036993973,0.104463492249573,0.0249550814941365,0,-2.58161458077666e-06,0
2024-07-02 11:22:00,"M04",0.953373168471483,0.273864225483957,67.5003211372548,8.58851507539464,0.251580725325376,0.112541612825577,0.0391337292730652,0,-2.58161458077666e-06,0
2024-07-02 11:23:00,"M01",0.869100017217658,0.592739906542007,73.6122122631716,12.9659942670567,0.202052265271397,0.138184880526273,0.0475262840391661,0,-0.000128885003505275,0
2024-07-02 11:24:00,"M02",0.454046309363723,0.492020481391044,57.3250643199073,12.9488863776921,0.192969559397171,0.0923765586114408,0.0560204901991392,0,-3.12914676214859e-06,0
2024-07-02 11:25:00,"M03",0.940048380599933,0.837608286857064,53.3765618817357,11.1576148847086,0.28433554093625,0.0883429279406585,0.0233783241388057,0,-2.58161458077666e-06,0
2024-07-02 11:26:00,"M04",0.988811130159042,0.805443665789758,68.1187184804105,6.90262088325091,0.232154741171407,0.0954972628276578,0.05441378440243,0,-2.58161458077666e-06,0
2024-07-02 11:27:00,"M01",0.967254986464143,0.51612652590332,68.7413034848708,9.6821176532308,0.177688095666623,0.132630017822997,0.0388657863956718,0,-3.12914676214859e-06,0
2024-07-02 11:28:00,"M02",0.585430522423969,0.565419333758181,67.5532670577523,14.4381230778763,0.194467036259497,0.0626939541814419,0.0262453859537459,0,-3.12914676214859e-06,0
2024-07-02 11:29:00,"M03",0.790028019780531,0.576164415898579,64.1225363959916,12.8684219288548,0.220381884358584,0.125174567163762,0.0190791018755655,0,-2.58161458077666e-06,0
2024-07-02 11:30:00,"M04",0.817711100809683,0.576558074991868,69.3432349855055,11.4052913460885,0.125867651556912,0.0949568034437073,0.0646543904192177,0,-2.58161458077666e-06,0
2024-07-02 11:31:00,"M01",0.925414316836155,0.513284331144055,58.151796977019,12.7426372694836,0.145918389274364,0.113292137090967,0.0635984537815988,0,-3.12914676214859e-06,0
2024-07-02 11:32:00,"M02",0.558160780257237,0.802713991427408,67.5276572734232,13.0439750924754,0.186667245551903,0.069202122200043,0.0556759816221583,0,-3.12914676214859e-06,0
2024-07-02 11:33:00,"M03",0.558461630870391,0.574784893759517,66.3186728247266,8.34532995761118,0.243056056753286,0.0273021859871106,0.0853598309143862,0,-1.51437598105986e-05,0
2024-07-02 11:34:00,"M04",1.20795125529419,0.809298300166716,69.07853520838,8.87387177871792,0.165910493332627,0.0288933156736604,0.0235092991721341,0,-2.58161458077666e-06,0
2024-07-02 11:35:00,"M01",0.841226636809284,0.507654275781091,71.8127458391717,10.8206916709271,0.208114081531603,0.105953887799793,0.0222449564820151,0,-3.12914676214859e-06,0
2024-07-02 11:36:00,"M02",1.20895661943503,0.859707214163229,63.4564260966381,16.2970271685539,0.296201536722242,0.173817167899775,0.0777207467962097,1,0.0160349570214748,0
2024-07-02 11:37:00,"M03",1.79086386222982,0.914548216731705,73.5133240958201,18.8695359105366,0.287580537223181,0.138008496209064,0.144719521546563,1,1.00113451480865,1
2024-07-02 11:38:00,"M04",1.09118310143774,1.02358763349946,89.9296730118608,14.7871250762871,0.432112892397048,0.199669420826415,0.118475859554754,1,0.999897599220276,1
2024-07-02 11:39:00,"M01",1.31243223623036,1.21506812789013,80.158566571481,13.9704857026301,0.395940247129795,0.14904425770449,0.113310552743961,1,1.00056099891663,1
2024-07-02 11:40:00,"M02",1.16650968298524,0.823407853780861,73.9927117944625,12.1500234103473,0.338368240309132,0.185794734783766,0.128760589190371,1,0.999709248542786,1
2024-07-02 11:41:00,"M03",0.755076096666632,0.974442850286248,76.0878319885601,10.4628842361505,0.463376135266049,0.140603195511503,0.139799217552985,1,1.00024795532227,1
2024-07-02 11:42:00,"M04",1.51382411886333,1.06048106322203,66.9296282223402,16.7116990976782,0.40442070602965,0.125860203695369,0.182330080248259,1,0.998914837837219,1
2024-07-02 11:43:00,"M01",1.3418770340312,1.1397549014864,64.1748884385927,15.4944352322697,0.447907739970946,0.213682981335834,0.112658777051234,1,1.00020432472229,1
2024-07-02 11:44:00,"M02",1.09002964693191,0.66250174642979,85.5078403350024,12.598048117819,0.423113942191079,0.197446543791255,0.117084098900198,1,1.00017726421356,1
2024-07-02 11:45:00,"M03",1.33635949962703,1.24399233899231,70.5265858061431,12.6273030072508,0.437561098933357,0.226566531153646,0.113238445626821,1,0.999851942062378,1
2024-07-02 11:46:00,"M04",1.09827047040259,0.816536596706642,81.9748862918724,11.2467331461986,0.408803620757989,0.170793554585665,0.127409479579736,1,0.999993562698364,1
2024-07-02 11:47:00,"M01",1.5066576652719,0.879061454001852,71.2641136255937,17.8535128596332,0.401952621435864,0.243714968566522,0.101430333812455,1,1.00002300739288,1
2024-07-02 11:48:00,"M02",1.33516170960388,0.887690203382054,76.0213440909807,18.2645807939602,0.296386345090923,0.207503755578453,0.118352716170819,1,0.999993562698364,1
2024-07-02 11:49:00,"M03",1.07180104102031,1.15767853523024,72.3522182973291,12.8306400797404,0.304311249985055,0.143010510160207,0.108022870080835,1,0.993973016738892,1
2024-07-02 11:50:00,"M04",0.995260927400851,0.851722741965529,75.6271848604057,15.611480586516,0.384133280822789,0.212381063882419,0.102990853622373,1,0.999928116798401,1
2024-07-02 11:51:00,"M01",0.993906332141716,0.455751823973005,74.0213543688757,16.642414715177,0.220587850119649,0.186368069596579,0.10175976842037,1,0.999590218067169,1
2024-07-02 11:52:00,"M02",0.835298954509829,1.08725112294918,75.8033465824251,14.0798752857273,0.334019402685284,0.109797183332397,0.103678996441136,1,1.00537312030792,1
2024-07-02 11:53:00,"M03",0.939858086698432,0.608529098428065,82.6242509051726,14.6477774145192,0.339013724263339,0.151407454075655,0.138319324747454,1,0.999714076519012,1
2024-07-02 11:54:00,"M04",1.02067563161377,1.09595965657808,74.0781924082695,22.5630124856949,0.263925080485688,0.302853066110463,0.0920550539905159,1,1.00198030471802,1
2024-07-02 11:55:00,"M01",0.905268197724605,1.03516044491347,84.309797753764,13.8137300680233,0.438304322425037,0.19595203609481,0.113535161814271,1,0.999855518341064,1
2024-07-02 11:56:00,"M02",1.01879817852004,0.799174223881715,72.2084221041889,10.6057822307225,0.441713323783403,0.272357450836969,0.143469114343792,1,1.00037121772766,1
2024-07-02 11:57:00,"M03",0.8545195561768,0.8005290919346,76.2129912125825,14.3581358569331,0.461262891025594,0.218768745160754,0.138130705373784,1,0.999953389167786,1
2024-07-02 11:58:00,"M04",1.49868697464192,0.925799905742484,95.5981713790644,16.4415142920044,0.405187066300065,0.215545831741195,0.140996539772684,1,0.999889850616455,1
2024-07-02 11:59:00,"M01",0.981919864846939,0.84951598844765,72.6374236902309,17.4534514452726,0.321658601944787,0.156333878841371,0.142838617728951,1,0.999715507030487,1
2024-07-02 12:00:00,"M02",0.695106553313408,0.657982448538211,70.0635781337577,11.7150109560914,0.10873692123559,0.0548898218648471,0.0281670025910965,0,-3.12914676214859e-06,0
2024-07-02 12:01:00,"M03",0.870051272895808,1.03979901586668,58.6125447478869,10.1179868590954,0.218392363067728,0.118526018644862,0.0359558997410246,0,-2.58161458077666e-06,0
2024-07-02 12:02:00,"M04",0.886272162372621,0.852582199916192,62.3252404812792,10.5071788969376,0.152787351600653,0.104624824418189,0.0568970752520474,0,-2.58161458077666e-06,0
2024-07-02 12:03:00,"M01",0.844492377240741,0.513760497494507,68.0760863529919,11.626240630083,0.234475868878281,0.081657480243558,0.0702338089294241,0,-3.12914676214859e-06,0
2024-07-02 12:04:00,"M02",0.859000810098405,0.826045383902755,58.554615065225,11.9454900289526,0.219765060558969,0.0747791703558553,0.0210477413506962,0,-3.12914676214859e-06,0
2024-07-02 12:05:00,"M03",0.476696127203135,0.490854351929752,67.4371932938569,7.4843227830001,0.240148309510183,0.0827456650518058,0.0125073486383095,0,-2.58161458077666e-06,0
2024-07-02 12:06:00,"M04",0.699529561778274,0.627880907342985,63.1689756914214,13.9852011294486,0.14632460867383,0.0570010926666937,0.0363872595120607,0,-2.58161458077666e-06,0
2024-07-02 12:07:00,"M01",1.00382451679713,0.437239015630464,69.9090801782532,12.7305403441948,0.175917242605848,0.0475936535574123,0.0126870950308826,0,-3.12914676214859e-06,0
2024-07-02 12:08:00,"M02",1.14469095248242,0.657147743606903,64.5580276157546,9.06611729001092,0.23030558901461,0.163738013097927,0.0785583067855644,0,0.00907695665955544,0
2024-07-02 12:09:00,"M03",0.935572598043938,0.751983528211794,74.1949350128269,12.0493221817993,0.256847453180914,0.0890565085215105,0.0321226064202868,0,-0.000154688605107367,0
2024-07-02 12:10:00,"M04",1.14728148273983,0.656039875817453,53.5480746192235,13.214267702867,0.183819923784314,0.0938338671498935,0.060983407661665,0,-2.58161458077666e-06,0
2024-07-02 12:11:00,"M01",1.01344486172015,0.754625815065835,57.2937508885944,12.8879402976219,0.144191355779218,0.0800769455789308,0.0994678935204535,0,0.146001249551773,0
2024-07-02 12:12:00,"M02",0.776715487918289,0.726792215677636,70.8400551836143,10.1647028229271,0.169296275681879,0.0953568401847159,0.0650155934199771,0,-3.12914676214859e-06,0
2024-07-02 12:13:00,"M03",0.689136979168803,0.391209785931474,69.1703652882216,14.6876033561272,0.199211688931951,0.0595762967303468,0.0376850328631897,0,-2.58161458077666e-06,0
2024-07-02 12:14:00,"M04",0.611595776616516,0.890078664376704,66.5975917100404,12.0487200460057,0.238922652872987,0.138062827868122,0.0544730820028958,0,-2.58161458077666e-06,0
2024-07-02 12:15:00,"M01",0.980187503424235,0.745870409083099,59.5641453432593,10.2112985153202,0.187288814277877,0.10108195187876,0.048720620302695,0,-3.12914676214859e-06,0
2024-07-02 12:16:00,"M02",0.923350494807549,0.747190048621366,70.4663841335567,13.0390719175253,0.258039376263805,0.0582954128539318,0.0439065463809631,0,-3.12914676214859e-06,0
2024-07-02 12:17:00,"M03",0.521442663514939,0.486672162487007,59.9856152542367,11.6160557446064,0.200639747377519,0.0923409280743791,0.0382016137916898,0,-2.58161458077666e-06,0
2024-07-02 12:18:00,"M04",0.600594175981556,0.628444684798437,72.5953646615887,11.7711027260281,0.206396466174614,0.121158174267934,0.091540590474317,0,-1.51437598105986e-05,0
2024-07-02 12:19:00,"M01",0.862342705599501,0.678083824906296,70.688121403795,14.1634160608619,0.21342334980696,0.0388349342236872,0.0723997498177818,0,-3.12914676214859e-06,0
2024-07-02 12:20:00,"M02",0.539747951090929,0.59324726045801,63.0896550261811,15.4863914098372,0.242276155153691,0.062022355640443,0.0278158796829564,0,1.13125033749384e-05,0
2024-07-02 12:21:00,"M03",0.748385884855798,0.447794740659343,68.5554561178889,13.4907394298827,0.165690492921011,0.111156308799702,0.0503203868592294,0,-2.58161458077666e-06,0
2024-07-02 12:22:00,"M04",0.880789120616407,0.735647040218342,71.7615374560585,12.9920200439961,0.234102798364021,0.0914385457952503,0.0464996149905649,0,-2.58161458077666e-06,0
2024-07-02 12:23:00,"M01",0.772178157716179,0.678939872200387,59.813845522861,11.6815828377315,0.244221781765972,0.118798046195933,0.0457721033612141,0,-3.12914676214859e-06,0
2024-07-02 12:24:00,"M02",0.759650023259566,0.683392873907785,57.1969376709621,9.98124563543592,0.109317769222182,0.0988801782067992,0.0466607189552105,0,-3.12914676214859e-06,0
2024-07-02 12:25:00,"M03",0.557591177575952,0.599626151359401,64.1395784997904,15.568194117994,0.185349716633333,0.115323345979752,0.0477155726933072,0,1.18600346468156e-05,0
2024-07-02 12:26:00,"M04",0.761703352764989,0.629069573404679,59.9835824232072,11.270269311954,0.133757836465324,0.124908274204134,0.0655409499508072,0,-2.58161458077666e-06,0
2024-07-02 12:27:00,"M01",0.523279492630092,0.616552430941137,64.8821265974016,13.0098260979873,0.0330385463966301,0.101549729076832,0.0530749400338713,0,-3.12914676214859e-06,0
2024-07-02 12:28:00,"M02",0.76078848070303,0.715455501048007,58.7553956909333,13.899557348017,0.175800856146759,0.12832113784433,0.0314323183965033,0,-3.12914676214859e-06,0
2024-07-02 12:29:00,"M03",0.927168219636433,0.476043309060037,68.8272694958567,14.4242887843317,0.250375204734816,0.128945776766421,0.0179624665722675,0,-2.58161458077666e-06,0
2024-07-02 12:30:00,"M04",0.96583224132483,0.395214386554443,60.3173975391647,13.9625693412425,0.122989127017851,0.122095625381389,0.0578605244947348,0,-2.58161458077666e-06,0
2024-07-02 12:31:00,"M01",1.0373193329083,0.53560437854133,67.2840109316591,14.8254653549883,0.181254762019447,0.0760520686658825,0.0925587453426506,0,1.13125033749384e-05,0
2024-07-02 12:32:00,"M02",0.877140607757287,0.59968084606571,65.033964207072,16.0965446428122,0.199669237423331,0.059709787620922,0.0314543094037733,0,1.1967567843385e-05,0
2024-07-02 12:33:00,"M03",1.14122078775627,0.831838933196616,65.2548232739898,10.6059133886417,0.160531882442877,0.056226797700304,0.0312083807454069,0,-2.58161458077666e-06,0
2024-07-02 12:34:00,"M04",0.432621338805623,0.500590409482589,63.1974014092516,10.4711359901026,0.234326915810336,0.0976660224097074,0.0334624595195156,0,-2.58161458077666e-06,0
2024-07-02 12:35:00,"M01",1.17100149474567,0.642884262771349,73.1262344049343,9.73397747684989,0.175420130919948,0.117227808665772,0.013508884662956,0,0.000251566874794662,0
2024-07-02 12:36:00,"M02",0.860735216778099,0.74734487522154,61.0104049489036,16.7440748180467,0.197048223268112,0.0476799591605135,0.0441601566091486,0,1.1967567843385e-05,0
2024-07-02 12:37:00,"M03",0.896858473685652,0.402602961439156,56.016385581568,9.73058933490574,0.240106233510898,0.119009333697144,0.0148641372681689,0,-2.58161458077666e-06,0
2024-07-02 12:38:00,"M04",1.05266082078299,0.627282338619552,60.0576249518981,13.6386872103786,0.211188213654396,0.0574557127038349,0.0674997624121919,0,-2.58161458077666e-06,0
2024-07-02 12:39:00,"M01",0.814810600257636,0.665744941558243,67.5933441346434,13.3118019434328,0.156872313082951,0.063719245957921,0.0494572980836711,0,-3.12914676214859e-06,0
2024-07-02 12:40:00,"M02",1.03194882345352,0.547279534709643,60.6507368498712,13.4594162824251,0.187004232529257,0.115208046431,0.0605645058752005,0,-3.12914676214859e-06,0
2024-07-02 12:41:00,"M03",0.661525530008785,0.897053757640392,75.5286814113504,11.7195959873065,0.173256455352266,0.0822861202856349,0.0234006920064725,0,-0.000154688605107367,0
2024-07-02 12:42:00,"M04",0.845172331079315,0.633587856656534,65.272928211484,13.1956131647306,0.270416255947244,0.119718234608827,0.000602667371630769,0,-2.58161458077666e-06,0
2024-07-02 12:43:00,"M01",0.737471687967287,0.441944328449731,66.6885735820038,12.6885293206639,0.138199750070069,0.130095582105275,0.0400781133585042,0,-3.12914676214859e-06,0
2024-07-02 12:44:00,"M02",0.428247831165251,0.696673024128585,63.8354355299247,11.6838691468467,0.242783069322754,0.151695656070834,0.0315045125447048,0,-2.13756920857122e-05,0
2024-07-02 12:45:00,"M03",0.735587182990954,0.513702933451852,62.9540976172419,11.4034092294278,0.213143613882733,0.126065841084486,0.0426053393797784,0,-2.58161458077666e-06,0
2024-07-02 12:46:00,"M04",1.04358092656867,0.997775967754943,71.3147568641293,9.66650803826686,0.191961556339513,0.0679831392190817,0.0467278598526392,0,-2.58161458077666e-06,0
2024-07-02 12:47:00,"M01",0.559960237255699,0.943640915456279,72.0043200423977,9.34301991655611,0.154945367205049,0.0925006606546844,0.0400896699110378,0,-3.12914676214859e-06,0
2024-07-02 12:48:00,"M02",0.870743697168366,0.317780980939695,68.5452140040525,12.5844368082728,0.223176874225983,0.0262099218887783,0.0522223443300345,0,-3.12914676214859e-06,0
2024-07-02 12:49:00,"M03",0.566690791619654,0.781352388634994,66.706978760873,12.2549079677293,0.117411377735813,0.117196029632046,0.0527073963562404,0,-2.58161458077666e-06,0
2024-07-02 12:50:00,"M04",0.468505015153339,0.890361463275905,72.4380904591163,8.77323165417174,0.244380830661696,0.131827983141805,0.055356448689892,0,-2.58161458077666e-06,0
2024-07-02 12:51:00,"M01",0.821620514373367,0.583791332550873,69.6585934462899,11.3811484851842,0.105356542602792,0.0855310053221899,0.0444483719823485,0,-3.12914676214859e-06,0
2024-07-02 12:52:00,"M02",0.423136091770923,0.471431138336982,65.0101642698913,10.6557640745353,0.27847650590106,0.13577665197744,0.0123333461971422,0,-3.12914676214859e-06,0
2024-07-02 12:53:00,"M03",0.763799307777241,0.754181066508345,55.9336435682046,12.1968048292272,0.269224471427874,0.0746250203296734,0.0801885339180525,0,-3.148388941554e-06,0
2024-07-02 12:54:00,"M04",1.0457114441416,0.625841139649405,63.7982289036649,12.349172888962,0.171721066212913,0.128436184616677,0.0809567254447085,0,-3.148388941554e-06,0
2024-07-02 12:55:00,"M01",0.853057196241205,0.794363222231971,64.0591887369251,8.96204553175197,0.216786787075639,0.070646443455247,0.0823329830994701,0,-3.12914676214859e-06,0
2024-07-02 12:56:00,"M02",0.761316881900289,0.456667717862979,68.2191251152935,14.0995924447317,0.214145990999707,0.0507834878771819,0.034037001889624,0,-3.12914676214859e-06,0
2024-07-02 12:57:00,"M03",0.517956002471327,0.54504271803665,68.0327769059253,12.6830859403656,0.18750839180438,0.0944268182416487,0.0406781053141807,0,-2.58161458077666e-06,0
2024-07-02 12:58:00,"M04",0.899137703698692,0.831581342493304,65.5441089088285,12.5760315058227,0.19324738979781,0.0659784371727551,0.049736189253508,0,-2.58161458077666e-06,0
2024-07-02 12:59:00,"M01",0.925318036934164,0.447210697631197,62.8318413540216,15.4320311712684,0.275133644923627,0.0640518811221012,0.0717399652210886,0,1.13125033749384e-05,0
2024-07-02 13:00:00,"M02",0.944031907655185,0.760919769072229,66.238400395166,12.4735898178192,0.186333315163817,0.0742724655007351,0.0713369836963377,0,-3.12914676214859e-06,0
2024-07-02 13:01:00,"M03",0.769137304086248,0.506164016253223,57.2502194995803,13.611329818758,0.226780816903837,0.12997419535276,0.0227558753062894,0,-2.58161458077666e-06,0
2024-07-02 13:02:00,"M04",0.803815511618983,0.740559476799392,61.5621342150983,9.12894277180587,0.188514406158504,0.0684485271221939,0.0629903988527062,0,-2.58161458077666e-06,0
2024-07-02 13:03:00,"M01",1.17368589197619,0.354144136529366,60.8860222319545,13.5806968168976,0.203443857860337,0.0601511698535159,0.0326357323647409,0,-3.12914676214859e-06,0
2024-07-02 13:04:00,"M02",0.900352437256231,0.943170657242944,66.6706396009949,12.9597025676754,0.169253236934072,0.0668727047355917,0.047073775469748,0,-3.12914676214859e-06,0
2024-07-02 13:05:00,"M03",0.827205087332505,0.54316084608691,61.4996607163778,13.2708010129472,0.259250277115415,0.119196391516802,0.0476436171847153,0,-2.58161458077666e-06,0
2024-07-02 13:06:00,"M04",0.825301474066287,0.48672746280095,64.0514475172185,10.8925483886527,0.223605522197431,0.0625228798273728,0.0575529732353901,0,-2.58161458077666e-06,0
2024-07-02 13:07:00,"M01",0.531983164862713,0.672183366360701,64.0040528794751,11.7791857408053,0.149784452163644,0.0781345665796591,0.0653122557041804,0,-3.12914676214859e-06,0
2024-07-02 13:08:00,"M02",0.888834708079378,0.716057201709075,78.8824595216195,15.3563204511634,0.247926158633722,0.084331431702981,0.0233720941580996,0,-0.000312895339448005,0
2024-07-02 13:09:00,"M03",1.02226228140074,0.864689927474377,63.43068585695,8.76151467714255,0.229346302014202,0.0257041322138648,0.0492405197914951,0,-2.58161458077666e-06,0
2024-07-02 13:10:00,"M04",0.796124910266977,0.263296730825276,72.2846667186252,15.2187807851704,0.226619938885595,0.0635365679942162,0.0477675110895196,0,1.18600346468156e-05,0
2024-07-02 13:11:00,"M01",0.992027283730805,0.737752559690142,60.5503278579314,14.4295837828432,0.234194432604617,0.106874683470261,0.0319658007692443,0,-3.12914676214859e-06,0
2024-07-02 13:12:00,"M02",0.57108690374151,0.684435643433596,64.0513520389718,8.16252000951084,0.154484810129195,0.0660128567799752,0.052813652531726,0,-3.12914676214859e-06,0
2024-07-02 13:13:00,"M03",1.26207123837916,0.74379349641733,65.1378128473209,11.0327313689434,0.276894843729139,0.16108932236759,0.0543378873208346,0,0.000699889031238854,0
2024-07-02 13:14:00,"M04",0.575379029736158,0.611366099825914,65.7120267565595,11.1813400813505,0.192854560500655,0.0730575274945614,0.0487941783935125,0,-2.58161458077666e-06,0
2024-07-02 13:15:00,"M01",0.804398542083787,0.592588436944422,69.4422453704307,14.7922607417317,0.136021370100406,0.123868934379053,0.0602875761891652,0,1.13125033749384e-05,0
2024-07-02 13:16:00,"M02",0.817944990916836,0.700008548045091,65.7505873045614,8.22239129668292,0.247720508281234,0.0460995907907805,0.0735430278598095,0,-3.12914676214859e-06,0
2024-07-02 13:17:00,"M03",0.659995082584005,0.215218707213307,63.8979676818199,11.9371995253644,0.167567250625049,0.0964908168754279,0.0527869230640988,0,-2.58161458077666e-06,0
2024-07-02 13:18:00,"M04",0.660905134346701,0.558642369466067,59.4110779459174,14.3997518720254,0.132694467167407,0.103262057269109,0.0441168645854456,0,-2.58161458077666e-06,0
2024-07-02 13:19:00,"M01",1.2491848448866,0.821912802699524,58.7104357617437,10.1079152227078,0.152765279721775,0.0679602741556261,0.0541828252739623,0,-3.12914676214859e-06,0
2024-07-02 13:20:00,"M02",1.31497398095852,0.964312598013136,89.1118075354462,17.5651780268123,0.255920696160681,0.213492107412802,0.0528150471454929,1,0.703696191310883,1
2024-07-02 13:21:00,"M03",0.877978290785087,0.844481469348572,65.6626242259649,14.8688690570784,0.304725909737135,0.152544631352619,0.157573459725136,1,0.999632835388184,1
2024-07-02 13:22:00,"M04",0.670072340392328,1.01613000050229,81.6060146658191,19.0884284800723,0.218421765707469,0.201575833392127,0.117759626940588,1,1.0006422996521,1
2024-07-02 13:23:00,"M01",0.941200868968695,0.646624904156231,87.1793096797639,12.7817686303147,0.410131658197972,0.248472751844678,0.0702863133818984,1,1.01545166969299,1
2024-07-02 13:24:00,"M02",1.81682740093469,0.721449450265364,73.8108958407907,18.0835789146815,0.380038345791816,0.209635616612301,0.147422372218271,1,1.00006473064423,1
2024-07-02 13:25:00,"M03",1.19871470167507,1.07251386584041,78.6251802160111,13.9473196737518,0.375017305315815,0.23567696105186,0.151575137844648,1,0.999987602233887,1
2024-07-02 13:26:00,"M04",0.90786464074377,1.19661061577332,85.702691301851,16.1865714167384,0.347236158235267,0.22287357164493,0.119789828075491,1,0.999844610691071,1
2024-07-02 13:27:00,"M01",0.724880595318495,1.20216978334981,75.08342685423,19.6102941734458,0.309428176813852,0.252640190870862,0.158580228707439,1,0.999815881252289,1
2024-07-02 13:28:00,"M02",1.32870146537762,0.703210649575339,73.4428277235655,12.7989350064461,0.346025854488015,0.243705839554048,0.147242071263094,1,1.00020384788513,1
2024-07-02 13:29:00,"M03",1.02524197776941,0.82249006659175,79.5160233685123,16.9452410698519,0.435746268568661,0.197991490084056,0.125516633337419,1,0.999970734119415,1
2024-07-02 13:30:00,"M04",0.683969060565498,0.603933037733213,65.4367784321838,14.0792959972379,0.406162213071398,0.202227947008388,0.140286339356914,1,0.999969005584717,1
2024-07-02 13:31:00,"M01",1.49219617091274,1.0475818090757,76.8889225058131,15.824783344703,0.339974793671513,0.239059172469742,0.115725972426674,1,0.999915182590485,1
2024-07-02 13:32:00,"M02",1.16758917188322,0.965075285922289,80.7370525783735,21.4540376224794,0.349600748910204,0.190900223769806,0.124620921984042,1,0.999993562698364,1
2024-07-02 13:33:00,"M03",1.28653796229105,1.13350738583706,69.0944097051163,20.9648198021917,0.363510351546227,0.218992647415356,0.154299064261016,1,1.0000147819519,1
2024-07-02 13:34:00,"M04",0.897975947324756,1.0376717429105,86.7033231228141,16.383628069708,0.409054817297399,0.206923673483878,0.132653551153428,1,0.999844610691071,1
2024-07-02 13:35:00,"M01",0.757594294157587,0.387343697228247,80.258044341207,17.2479604987572,0.309857041347223,0.259867909159397,0.117685121261029,1,0.986523985862732,1
2024-07-02 13:36:00,"M02",1.56854727025522,0.744604837007105,76.5499834178604,17.070643775764,0.285151769194132,0.277866674403403,0.115336160715318,1,1.00049674510956,1
2024-07-02 13:37:00,"M03",1.26191533978376,0.64902033216086,78.512701613133,15.1603226055767,0.427442744935048,0.23894224009553,0.146144277772759,1,1.00011456012726,1
2024-07-02 13:38:00,"M04",0.909062534360718,0.694743598288769,80.1130694345569,13.9055234312862,0.421039096305947,0.155019445826792,0.152372145183703,1,1.00021064281464,1
2024-07-02 13:39:00,"M01",1.13360488710424,0.79522080106518,83.0700648141346,15.6692505837803,0.414106317919194,0.165163180319278,0.138834785596933,1,1.0004049539566,1
2024-07-02 13:40:00,"M02",1.15057334341301,0.839333390066159,79.7782691295068,17.1278341379573,0.279768666838304,0.183881146604559,0.0977094780344244,1,1.00002479553223,1
2024-07-02 13:41:00,"M03",1.15207648859897,1.12863338006583,73.7730763729319,16.3174390786455,0.37501930113691,0.244487836734603,0.121069619514074,1,1.00005888938904,1
2024-07-02 13:42:00,"M04",1.11590421886632,0.603141063479233,87.0778717184841,16.6491252963777,0.32164671593608,0.119830968395794,0.125689091478507,1,0.858015298843384,1
2024-07-02 13:43:00,"M01",1.35006818384381,1.13169461500477,77.120292088472,17.2735857582342,0.309160259101573,0.180557590579078,0.140930424879606,1,1.00009703636169,1
2024-07-02 13:44:00,"M02",0.783652411177538,1.33080988171321,74.681562067861,15.1805415816852,0.244717908945293,0.211724361664234,0.103245131604891,1,0.999832808971405,1
2024-07-02 13:45:00,"M03",0.76654943268395,0.911525579962846,78.3879578450926,11.7223270534396,0.265540917949058,0.141191567430052,0.129581847779213,1,0.999022722244263,1
2024-07-02 13:46:00,"M04",1.38870871595573,0.907899439679357,68.9503543522523,18.3273075263986,0.274145972737378,0.159049652843741,0.143028469675019,1,0.999460875988007,1
2024-07-02 13:47:00,"M01",0.637393124039267,0.577435667594395,58.2888182084128,10.6438094480114,0.2065466260441,0.0886880420856698,0.0432065408833777,0,-3.12914676214859e-06,0
2024-07-02 13:48:00,"M02",0.886997986545233,0.724331228231484,56.4613792248589,15.4212161300428,0.197488479112589,0.135417019080438,0.0197265706887582,0,1.13125033749384e-05,0
2024-07-02 13:49:00,"M03",0.896121291009061,0.684958636920793,66.7752525375374,13.2049456831138,0.185131760774754,0.0668652100798049,0.0443197842535471,0,-2.58161458077666e-06,0
2024-07-02 13:50:00,"M04",0.74279240740759,0.688967087686634,66.5882397050561,11.5889487619702,0.161343307532963,0.125329580901791,0.0474564845168287,0,-2.58161458077666e-06,0
2024-07-02 13:51:00,"M01",0.873101459397085,0.690092224420628,54.0344744347954,13.7945576085745,0.161334422694143,0.140149549839701,0.0572339901109309,0,-4.12105182476807e-05,0
2024-07-02 13:52:00,"M02",0.755458669896037,0.728362828009164,64.2533145636578,10.2079904743629,0.218773900053475,0.11592221954754,0.0316015484313999,0,-3.12914676214859e-06,0
2024-07-02 13:53:00,"M03",0.932238013098036,0.673937568216709,66.2207751718674,9.48804455084444,0.220835768959407,0.127468500031261,0.0480126483886424,0,-2.58161458077666e-06,0
2024-07-02 13:54:00,"M04",1.0613202521837,0.631816227896273,72.1856289699052,13.011569731842,0.140136433876213,0.108511592682056,0.0592075979893359,0,-2.58161458077666e-06,0
2024-07-02 13:55:00,"M01",0.834748304287571,0.439437857857689,66.6824900757584,10.5520254415632,0.18904101056935,0.0710316219586054,0.0198045432649446,0,-3.12914676214859e-06,0
2024-07-02 13:56:00,"M02",0.650299388184886,1.00613032910392,60.0745112368359,12.1139122553918,0.222351399256136,0.117922588456591,0.0375746188844644,0,1.01953337434679e-05,0
2024-07-02 13:57:00,"M03",0.740269605367763,0.356978551975763,61.4092100519918,10.6577012988857,0.166238606852029,0.0767277992291504,0.0406889580701593,0,-2.58161458077666e-06,0
2024-07-02 13:58:00,"M04",0.876245831560903,0.544093601267915,74.3350279237414,8.2567140428948,0.278787777079037,0.121002315949813,0.0737641428337348,0,0.000459302973467857,0
2024-07-02 13:59:00,"M01",0.458035517734285,0.654769779105417,69.7064580857182,7.92713939157933,0.18655225842393,0.150389601248544,0.0688398033768554,0,-3.54658914147876e-05,0
2024-07-02 14:00:00,"M02",0.384920002986593,0.549294749992636,60.0231035235981,9.65458457670716,0.221453918759167,0.0645928000585862,0.048188479606468,0,-3.12914676214859e-06,0
2024-07-02 14:01:00,"M03",0.50605408641884,0.524977611827203,60.8132845931846,14.2064289825706,0.17711181489381,0.0741377584264793,0.0379349942956252,0,-2.58161458077666e-06,0
2024-07-02 14:02:00,"M04",1.13147214588403,0.424267446620312,69.983927721772,11.4078102525974,0.179959118637657,0.0931152140711898,0.0476499769888909,0,-2.58161458077666e-06,0
2024-07-02 14:03:00,"M01",0.89967092950608,0.530729331183865,69.3528991222595,14.485462333416,0.262075967330882,0.0803318830246009,0.0892924095516156,0,-3.12914676214859e-06,0
2024-07-02 14:04:00,"M02",0.875683145539599,0.46000904960135,64.9168276920382,9.85343750873921,0.132282168005038,0.118582105479365,0.0494898523196244,0,-3.12914676214859e-06,0
2024-07-02 14:05:00,"M03",0.830618322303212,0.678253618098756,66.393564781955,12.8296382395906,0.162104601591702,0.0915069552030481,0.0506655074625149,0,-2.58161458077666e-06,0
2024-07-02 14:06:00,"M04",1.0380055053926,0.580138337405291,73.1069144001431,10.6044542857444,0.278142123796832,0.0861207721040389,0.0371038234318504,0,0.000252114405157045,0
2024-07-02 14:07:00,"M01",0.730257418511084,0.504529784343466,60.3131844409038,9.9099955455569,0.15210012873196,0.088472049738182,0.0440696676189071,0,-3.12914676214859e-06,0
2024-07-02 14:08:00,"M02",0.590895042711202,0.838717171580715,59.5525916750889,11.139165427817,0.162936015469039,0.105897523566418,0.0378338149430258,0,-3.12914676214859e-06,0
2024-07-02 14:09:00,"M03",1.07069539082397,0.3333158024941,62.104771484595,14.1536155215107,0.209354649997262,0.0929021878476983,0.067008058301433,0,-2.58161458077666e-06,0
2024-07-02 14:10:00,"M04",0.492107647065919,0.545284720346565,71.8070025294112,13.3546291799005,0.268698304722741,0.0717434086067164,0.0656741166689026,0,-2.58161458077666e-06,0
2024-07-02 14:11:00,"M01",1.17031863568134,0.798998446957769,62.1073300351972,10.843286701027,0.246876777633657,0.082939845377298,0.045449184135338,0,-3.12914676214859e-06,0
2024-07-02 14:12:00,"M02",0.844819304083666,0.71301246761668,64.0983291419918,10.2201509794755,0.247017814351336,0.0921321915944732,0.0544274373225284,0,-3.12914676214859e-06,0
2024-07-02 14:13:00,"M03",0.559815043631782,0.311824369252106,60.9848182468431,11.6471494005989,0.168028311670267,0.123591092224958,0.0451473445342752,0,-2.58161458077666e-06,0
2024-07-02 14:14:00,"M04",0.912897034238985,0.503400625002561,72.1194971524289,15.1252693042018,0.189280956293242,0.138186133860956,0.0383362221412019,0,1.18600346468156e-05,0
2024-07-02 14:15:00,"M01",0.713227116411233,0.305897664058595,64.9484839433801,14.6848500094711,0.22453515097695,0.0919639421056947,0.0662984901037935,0,-3.12914676214859e-06,0
2024-07-02 14:16:00,"M02",0.936623266938083,0.653547567980851,71.156049405109,13.7525533795998,0.209872692675385,0.0328977449324078,0.0239514314238063,0,-3.12914676214859e-06,0
2024-07-02 14:17:00,"M03",0.912602239675983,0.538276578489136,59.0353097323963,15.751401084548,0.203488298309452,0.157995927439213,0.0587774617608437,0,-1.48571034515044e-05,0
2024-07-02 14:18:00,"M04",0.935372679318055,0.677991947632039,65.3732480782251,14.0201050532156,0.171748331021195,0.0793572244291851,0.0120395449609953,0,-2.58161458077666e-06,0
2024-07-02 14:19:00,"M01",0.948632900707863,0.724195962947972,71.1297054216675,12.2244548256794,0.200887810798152,0.0641935903384699,0.0403680280150199,0,-3.12914676214859e-06,0
2024-07-02 14:20:00,"M02",0.866137071821127,0.791809482367835,62.9566701796173,16.4242997237286,0.229420055957088,0.0935603935998186,0.0168288132098153,0,1.1967567843385e-05,0
2024-07-02 14:21:00,"M03",0.655988903573403,0.607965105061439,62.7085974534928,11.1822021946535,0.1835593259738,0.0679742370879952,0.0539893449774698,0,-2.58161458077666e-06,0
2024-07-02 14:22:00,"M04",0.60508474205007,0.630425237518647,70.7660964346261,13.3084690957951,0.321322715134044,0.0932436332523278,0.0692499305208323,0,0.0016149589791894,0
2024-07-02 14:23:00,"M01",0.701177804957455,0.389872734084937,58.9063864049728,11.8216691018815,0.240833837040895,0.00939606821116656,0.075512782139489,0,-3.12914676214859e-06,0
2024-07-02 14:24:00,"M02",0.839190484196715,0.872020201645986,57.2756261642212,12.1425912884801,0.24465329454294,0.111305543578683,0.0496504191283012,0,-3.12914676214859e-06,0
2024-07-02 14:25:00,"M03",0.906484299919074,0.787607478323432,63.2502696155628,11.7785101942234,0.199038034148884,0.0875521347663019,0.0497267477687923,0,-2.58161458077666e-06,0
2024-07-02 14:26:00,"M04",0.80182601445597,0.479633047420435,63.7981084509576,12.0365050627227,0.204422975636765,0.115987789628243,0.048817913260041,0,-2.58161458077666e-06,0
2024-07-02 14:27:00,"M01",0.894743388901947,0.454237815766053,60.1214280650517,10.2341975527558,0.130690244673349,0.0743549481172848,0.0523524880265431,0,-3.12914676214859e-06,0
2024-07-02 14:28:00,"M02",1.05309036612305,0.399373309037027,63.4996760408099,14.0224720591816,0.215785127485776,0.0809386208092379,0.0613437805415388,0,-3.12914676214859e-06,0
2024-07-02 14:29:00,"M03",0.804846267297265,0.391355410946133,65.4197597821495,10.4432983707615,0.198661795849457,0.0719699882541001,0.0641569564251749,0,-2.58161458077666e-06,0
2024-07-02 14:30:00,"M04",0.723297016660923,0.872272569200544,59.5235553528977,12.0570815779611,0.191927991107415,0.175258941282798,0.0671825289640423,0,0.000254082406172529,0
2024-07-02 14:31:00,"M01",0.522989141414574,0.546605409580378,58.8200258165539,11.4387982512431,0.149598879392418,0.138483999571459,0.0465747416544885,0,-4.12105182476807e-05,0
2024-07-02 14:32:00,"M02",0.728386709572124,0.264365796227188,58.9800803304404,13.7291933014854,0.145927456314314,0.0752800788954679,0.0473470737896154,0,-3.12914676214859e-06,0
2024-07-02 14:33:00,"M03",0.432493590213495,0.700121338725038,69.5063612047607,9.51537226476395,0.155003117058401,0.0717206330667349,0.0582168425192358,0,-2.58161458077666e-06,0
2024-07-02 14:34:00,"M04",1.02045755077318,0.735182725959733,61.9048199559599,11.1945796401843,0.171825018823124,0.0493169855156048,0.0541193552467327,0,-2.58161458077666e-06,0
2024-07-02 14:35:00,"M01",0.771635460958656,0.768652148317355,66.2438968553675,16.2219645125548,0.218533581461173,0.11793636906026,0.025173439258545,0,1.1967567843385e-05,0
2024-07-02 14:36:00,"M02",0.659433615359934,0.603779121136213,66.7359182376014,11.900832451042,0.220886687040784,0.0437592359523196,0.0453578305021599,0,-3.12914676214859e-06,0
2024-07-02 14:37:00,"M03",0.839442950031863,0.703246177705885,67.3181214922272,11.2045434840056,0.229130233406589,0.144174751518915,0.0549002587899625,0,1.72531963471556e-05,0
2024-07-02 14:38:00,"M04",1.0792086967335,0.575627169376039,58.2611018365192,9.36088007533337,0.234008146093706,0.0817437277504472,0.0392202274449317,0,-2.58161458077666e-06,0
2024-07-02 14:39:00,"M01",1.10173682697138,0.604107437924495,56.5116327433569,13.413000309226,0.151627438731585,0.098122808497239,0.0186887742247117,0,-3.12914676214859e-06,0
2024-07-02 14:40:00,"M02",0.917609834715902,0.578890725402645,54.1378912044511,14.774694875018,0.214864176154192,0.0618237869922676,0.0350164959699327,0,1.13125033749384e-05,0
2024-07-02 14:41:00,"M03",0.576437119688574,0.620247682288561,69.1394382073717,12.7339461525055,0.213991846838327,0.100780788480489,0.0546742218287813,0,-2.58161458077666e-06,0
2024-07-02 14:42:00,"M04",0.553257077337984,0.556039979863759,59.9354609071053,13.1439876360276,0.244488112892462,0.0803153012757808,0.0499123064959539,0,-2.58161458077666e-06,0
2024-07-02 14:43:00,"M01",0.645910775609634,0.869905323030462,67.9475186105984,11.7278778866288,0.191392252851638,0.0764150113308528,0.00950938675438705,0,-3.12914676214859e-06,0
2024-07-02 14:44:00,"M02",0.511092575024527,0.572802390720756,62.2608291287221,10.3741693042279,0.191268694522685,0.0639727975029865,0.0190461933737471,0,-3.12914676214859e-06,0
2024-07-02 14:45:00,"M03",0.956107723195786,0.615836525702246,68.465666095511,14.3525774126648,0.287290821405273,0.132508195843101,0.0441379601373897,0,-2.58161458077666e-06,0
2024-07-02 14:46:00,"M04",0.69304626551587,0.479638433006855,63.2832549569968,11.8871269583964,0.220076291443037,0.0888103137574959,0.0480671693440177,0,-2.58161458077666e-06,0
2024-07-02 14:47:00,"M01",0.367272280259132,0.337551653919755,58.6689666423885,13.3340884598605,0.225835262343398,0.225122665144319,0.0448824656294558,0,0.588318705558777,1
2024-07-02 14:48:00,"M02",0.456689709429029,0.572232783461107,69.4257761286102,14.2400783486593,0.232278104176649,0.096099082854388,0.0498172870844013,0,-3.12914676214859e-06,0
2024-07-02 14:49:00,"M03",0.977686043212018,0.692538840214548,61.9968269390561,13.6673982905572,0.201855901405547,0.0906859696522616,0.02496749154928,0,-2.58161458077666e-06,0
2024-07-02 14:50:00,"M04",0.916212942996086,0.471453312630725,64.5640617481565,9.44508912989617,0.242345822220166,0.121164701835797,0.04212317653372,0,-2.58161458077666e-06,0
2024-07-02 14:51:00,"M01",0.850191867913061,0.359532857218107,61.8718277787001,9.69302422853751,0.153952802669354,0.107150026114067,0.0449129672059069,0,-3.12914676214859e-06,0
2024-07-02 14:52:00,"M02",0.679067993197878,0.584298293274108,56.1658989828138,14.2620081747915,0.186016747853626,0.119560464098356,0.0127532035699042,0,-3.12914676214859e-06,0
2024-07-02 14:53:00,"M03",0.775751060203064,0.674507936277729,58.604280822855,12.9036942123347,0.223781058090155,0.0960322557027552,0.0566919882799682,0,-2.58161458077666e-06,0
2024-07-02 14:54:00,"M04",0.500149567516928,0.669303230194321,59.1336706558933,10.9960659902984,0.18969809469918,0.0794195382420383,0.0543927142285973,0,-2.58161458077666e-06,0
2024-07-02 14:55:00,"M01",0.506156034647216,0.436956262746515,63.4823053535365,13.6935260023774,0.266403597734461,0.116401992790549,0.0421802107649549,0,-3.12914676214859e-06,0
2024-07-02 14:56:00,"M02",0.668475910164293,0.490742239577382,57.9074908452196,9.41084838012267,0.222355274916644,0.101398718582862,0.0458562308557352,0,-3.12914676214859e-06,0
2024-07-02 14:57:00,"M03",0.971749293643942,0.66091085446681,80.983440723095,10.0073808659525,0.183926648858244,0.0305942226004376,0.0633922761607157,0,0.000231051817536354,0
2024-07-02 14:58:00,"M04",1.01727667008902,0.671799752996287,68.1381060960415,12.253132109028,0.257426954127878,0.134641434536582,0.0622503400389657,0,-2.58161458077666e-06,0
2024-07-02 14:59:00,"M01",0.920923237204634,0.423587340089081,59.8194949642546,10.0666470100468,0.17410623123017,0.0756792990226978,0.0433030596879118,0,-3.12914676214859e-06,0
2024-07-02 15:00:00,"M02",0.813940641811534,0.592231465567249,66.2256750033701,16.1533710655137,0.15248098850999,0.0519488425779116,0.0637136186945429,0,1.1967567843385e-05,0
2024-07-02 15:01:00,"M03",0.886643566098854,0.50166451337171,67.0642473558187,15.6856995049666,0.121550489366653,0.122542092192071,0.0692926748818461,0,1.18600346468156e-05,0
2024-07-02 15:02:00,"M04",1.03843831809669,0.335101085414463,59.6161567010962,13.6712634543055,0.279779957838159,0.148192909205305,0.0372167658874068,0,-1.81882078322815e-05,0
2024-07-02 15:03:00,"M01",0.706183516909453,0.507743726770159,64.2279936159353,11.375695022075,0.227082922457169,0.0533417386720246,0.0397590935917256,0,-3.12914676214859e-06,0
2024-07-02 15:04:00,"M02",0.455157407694683,0.47454834577922,56.2273860370932,13.4224319950942,0.318736167970891,0.101662897148088,0.0668566435286867,0,0.00115852674935013,0
2024-07-02 15:05:00,"M03",0.712757650773506,0.48162106109764,58.2351359585527,14.024804622291,0.17387422200643,0.0906055278701254,0.0604079771584494,0,-2.58161458077666e-06,0
2024-07-02 15:06:00,"M04",0.789186510329028,0.674281950776656,65.8172650877012,14.52675486983,0.245388304528238,0.103588502820349,0.0680051330878847,0,-2.58161458077666e-06,0
2024-07-02 15:07:00,"M01",0.661206688882548,0.507876321107871,60.9488000041409,11.0163067118246,0.188575792509032,0.12293848552306,0.0728850735413001,0,-3.12914676214859e-06,0
2024-07-02 15:08:00,"M02",1.10248191238208,0.657035916694486,66.7573449549679,9.70843802004434,0.177724978815918,0.110558697044508,0.063882307678568,0,-3.12914676214859e-06,0
2024-07-02 15:09:00,"M03",0.607226868062322,0.570656749037798,55.910036422166,9.90082693641999,0.188044394243266,0.136237725034603,0.0682816918796614,0,-2.58161458077666e-06,0
2024-07-02 15:10:00,"M04",0.678417131095331,0.843986793734836,64.4647771931896,11.367423202573,0.266663132442809,0.136882772944542,0.0245975849496029,0,-2.58161458077666e-06,0
2024-07-02 15:11:00,"M01",0.74261467159131,0.475844273512089,63.6970818902849,9.60855392446117,0.194543751675511,0.115345377706751,0.0508363583111165,0,-3.12914676214859e-06,0
2024-07-02 15:12:00,"M02",0.853754646077101,0.676546417978677,74.0454250065664,12.6258444578111,0.310025429070513,0.0556573100829252,0.0728404151119153,0,0.00040454400004819,0
2024-07-02 15:13:00,"M03",0.654478414448394,0.629235251523914,64.1546050770019,9.57577690953443,0.236007715078769,0.141195052271372,0.043934100726898,0,-2.58161458077666e-06,0
2024-07-02 15:14:00,"M04",0.866617553409052,0.828136484647732,72.8362522436379,12.8951280917033,0.167775170228004,0.104126868574065,0.0198598394121924,0,-2.36134328588378e-05,0
2024-07-02 15:15:00,"M01",1.02616994609067,0.581480725946183,64.4332193327522,13.9334191273774,0.206292914301758,0.0710715310488531,0.0742644924808234,0,-3.12914676214859e-06,0
2024-07-02 15:16:00,"M02",0.869746928181011,0.600528692841213,61.5206732024966,9.5035569373015,0.194727971893584,0.127015734573634,0.0248671001001826,0,-3.12914676214859e-06,0
2024-07-02 15:17:00,"M03",0.71053002632729,0.548189556597715,68.5841157041057,9.93671091947572,0.187893604501606,0.108386471799622,0.049248902953939,0,-2.58161458077666e-06,0
2024-07-02 15:18:00,"M04",0.903749365195368,0.583026885183647,83.0311105608931,13.800207959424,0.208478710242128,0.104683044009817,0.052754557098115,0,-0.000152472595800646,0
2024-07-02 15:19:00,"M01",0.746446571760799,0.899142793213122,62.89605155876,8.44459610846843,0.220287957414953,0.0946126521861296,0.0345889461349443,0,-3.12914676214859e-06,0
2024-07-02 15:20:00,"M02",0.724594763862784,0.480662188013732,63.408974610839,15.1142394114894,0.0939969505570693,0.0760370086844397,0.0700219149202767,0,1.13125033749384e-05,0
2024-07-02 15:21:00,"M03",0.697909878021352,0.706323689499197,62.9874347662121,11.7529614292194,0.178123827195793,0.0639595608305792,0.0624643117612488,0,-2.58161458077666e-06,0
2024-07-02 15:22:00,"M04",0.716260510166646,0.559791753538263,61.30269029238,10.5511931995319,0.213477142473585,0.0894439574624964,0.0611590644216402,0,-2.58161458077666e-06,0
2024-07-02 15:23:00,"M01",1.19318328856916,0.494244158229563,58.5913292738789,13.2653484213116,0.266165718211184,0.11415300417658,0.059479318846684,0,-3.12914676214859e-06,0
2024-07-02 15:24:00,"M02",0.695188991046019,0.68318698354525,74.3176807699354,11.6658580471725,0.190948606860002,0.143219378384613,0.0330814735948459,0,-0.000187572877621278,0
2024-07-02 15:25:00,"M03",1.03094096307229,0.853239583006213,60.4076473242291,9.27661380567892,0.224722331064327,0.103282661533696,0.0482391530141251,0,-2.58161458077666e-06,0
2024-07-02 15:26:00,"M04",0.501153809768865,0.658784696718345,69.5541416457736,11.0912745435676,0.246769634617093,0.0969222302164192,0.0809904906694406,0,-3.148388941554e-06,0
2024-07-02 15:27:00,"M01",1.0555199552065,0.450600287474028,68.6432872003734,14.4495596161878,0.172829829622074,0.0895579050251717,0.059833545644822,0,-3.12914676214859e-06,0
2024-07-02 15:28:00,"M02",0.562828780671361,0.636147060122386,64.3030156361573,10.6574874129542,0.262117689874542,0.147563950810402,0.0414115050158765,0,-5.68171053600963e-05,0
2024-07-02 15:29:00,"M03",0.807517473081531,0.76287999865713,69.4604430329272,9.74428440180136,0.231097819204788,0.133102718155368,0.0772067735591812,0,-3.148388941554e-06,0
2024-07-02 15:30:00,"M04",0.664484568816805,0.565658629641677,68.1405429518577,11.7191477132252,0.276972198079219,0.0771971823528134,0.0464430850994213,0,-2.58161458077666e-06,0
2024-07-02 15:31:00,"M01",0.536804271409738,0.504675106698895,68.9141391815822,13.4721621984044,0.178676299974311,0.0494519436527028,0.079189139578498,0,-3.12914676214859e-06,0
2024-07-02 15:32:00,"M02",0.877874878468174,0.571088412151467,63.7930764346616,11.2184970052897,0.241992792194363,0.0973873387023176,0.0441232331430551,0,-3.12914676214859e-06,0
2024-07-02 15:33:00,"M03",0.773569988719264,0.540094267430375,57.1950520994708,10.1275420880248,0.107436201288975,0.0611886317089251,0.0208001763637549,0,-2.58161458077666e-06,0
2024-07-02 15:34:00,"M04",0.774209993125493,0.84928702936054,60.4964068654469,11.3978990463358,0.134954791334746,0.120640937621242,0.050794666298059,0,-2.58161458077666e-06,0
2024-07-02 15:35:00,"M01",1.11016977841927,0.770924990816381,67.084460333688,12.5631037192833,0.166207568090353,0.115850422589001,0.0387798601901728,0,-3.12914676214859e-06,0
2024-07-02 15:36:00,"M02",0.865492151312673,0.682372657545878,68.7026707453026,11.0518612819453,0.21654020181469,0.0960567292141452,0.0655557632093491,0,-3.12914676214859e-06,0
2024-07-02 15:37:00,"M03",0.718349918160927,0.374853627881441,64.3336561813624,11.4893162764841,0.260077396098441,0.0994428267828906,0.0659413329391744,0,-2.58161458077666e-06,0
2024-07-02 15:38:00,"M04",0.355018771667097,0.785759426116165,63.4503796531348,13.1445284223611,0.167924703195714,0.0782468515460408,0.0456369098508902,0,-2.58161458077666e-06,0
2024-07-02 15:39:00,"M01",0.821090333853915,0.363964430825958,64.6894704692068,12.7199955993478,0.198619083594959,0.0851260863472969,0.0300241006515041,0,-3.12914676214859e-06,0
2024-07-02 15:40:00,"M02",1.10315272212646,0.590016892405057,67.0540236508575,8.02388319478634,0.203134118098013,0.135478503754867,0.0525490725360301,0,-3.12914676214859e-06,0
2024-07-02 15:41:00,"M03",1.33608275345122,1.02377553237199,58.0174314706275,8.34855307331997,0.210476851326946,0.0833612392149889,0.070707660028954,0,0.69290566444397,1
2024-07-02 15:42:00,"M04",0.550118770087313,0.569420373763248,60.1458472179559,13.2798141221228,0.25358160194928,0.0632850927778515,0.0437145796407191,0,-2.58161458077666e-06,0
2024-07-02 15:43:00,"M01",0.871572796358653,0.457248037297129,59.1312640417299,12.3322714903837,0.262564413133356,0.0879477415104642,0.082459635747141,0,-3.12914676214859e-06,0
2024-07-02 15:44:00,"M02",0.759518317461828,0.64655226112813,64.3860344581408,16.2929748102973,0.24150762422581,0.13238172447974,0.0602562174531578,0,1.1967567843385e-05,0
2024-07-02 15:45:00,"M03",0.740673206338897,0.368541060932005,72.9249384865031,10.1261396201564,0.191627837001267,0.059135017314382,0.042366799092384,0,1.67887701536529e-05,0
2024-07-02 15:46:00,"M04",0.915404258122948,0.634926919024598,65.0467203993289,11.3677531777223,0.190452727818014,0.11122153739527,0.0502097238568181,0,-2.58161458077666e-06,0
2024-07-02 15:47:00,"M01",0.673160579261691,0.542351540687341,71.0965027888082,12.9519739849622,0.226202115637797,0.110027373602651,0.0581422773433916,0,-3.12914676214859e-06,0
2024-07-02 15:48:00,"M02",0.876047185603187,0.424405638166907,70.962686290137,11.3184638761524,0.190417558862432,0.0712523222620198,0.0752120581918921,0,-3.12914676214859e-06,0
2024-07-02 15:49:00,"M03",0.605664631905611,0.637930050707145,65.0141674328219,8.22599044022263,0.213292633217533,0.0853766198474845,0.0543217192815108,0,-2.58161458077666e-06,0
2024-07-02 15:50:00,"M04",1.19780732025886,0.586193663571781,67.7231658531442,6.55527601768466,0.293130873896869,0.101859062787131,0.0539709355171679,0,-2.58161458077666e-06,0
2024-07-02 15:51:00,"M01",1.13728260568979,0.721601568857348,60.1088401671224,10.7902971103813,0.22863547442655,0.122114227967462,0.0547453149722508,0,-3.12914676214859e-06,0
2024-07-02 15:52:00,"M02",0.736533112929856,0.393564485253467,64.5599940586041,9.53348711340734,0.185007130016661,0.126840240265855,0.0698142058894313,0,-3.12914676214859e-06,0
2024-07-02 15:53:00,"M03",0.679122395340313,0.235338466385037,62.4458419899406,13.4415288206758,0.187534224620286,0.170553965102915,0.0546870056512413,0,0.000500196241773665,0
2024-07-02 15:54:00,"M04",0.764315511377611,0.697441788695407,56.1334025583476,10.7162525606556,0.237861403106864,0.0972477561745345,0.0456491313659831,0,-2.58161458077666e-06,0
2024-07-02 15:55:00,"M01",0.82651371263053,0.699302357005724,63.9546764854918,12.5262305782201,0.235039852711805,0.112313527618107,0.0634189746799355,0,-3.12914676214859e-06,0
2024-07-02 15:56:00,"M02",0.737982376911975,0.677183389289484,60.0002317505521,14.268510436755,0.182476578817567,0.129599426871198,0.0606887094487546,0,-3.12914676214859e-06,0
2024-07-02 15:57:00,"M03",0.69056634474617,0.649052240676829,66.8003684788358,12.6279683176678,0.248335486217848,0.12557687639931,0.0730435973427549,0,-2.58161458077666e-06,0
2024-07-02 15:58:00,"M04",0.621022962734142,0.527673990636322,60.6216161669139,9.98479186237613,0.170440217067648,0.104956007361861,0.0710137734783953,0,-2.58161458077666e-06,0
2024-07-02 15:59:00,"M01",0.925208856773324,0.619892647134398,60.8852722191855,13.6374395527501,0.142807113943085,0.0910667429471486,0.0635001353064799,0,-3.12914676214859e-06,0
2024-07-02 16:00:00,"M02",0.933544160185259,0.668887069150839,65.3815579189306,10.3115889178493,0.184538193383231,0.120972608588238,0.0226708537330461,0,-3.12914676214859e-06,0
2024-07-02 16:01:00,"M03",0.556842507769215,0.443577226228067,61.8836272137764,7.52643816092673,0.186938414418233,0.0619769945099934,0.0907946605151151,0,-1.51437598105986e-05,0
2024-07-02 16:02:00,"M04",1.06287770385635,0.740766246820942,64.4662784779325,11.1719927272638,0.261566897480012,0.100935792693889,0.0462064130026744,0,-2.58161458077666e-06,0
2024-07-02 16:03:00,"M01",0.842171943177484,0.462672927584822,73.6349986162979,14.0385803056702,0.157776102963322,0.109472980915226,0.0689744561761349,0,-0.000132776345708407,0
2024-07-02 16:04:00,"M02",0.887600398940043,0.571426515074148,65.3890769028581,12.8235357533001,0.20980802265672,0.139799063463869,0.0688678175466723,0,-4.12105182476807e-05,0
2024-07-02 16:05:00,"M03",0.842714235362681,0.784059723347782,65.0971647089847,13.6820494887759,0.160625244342249,0.102611956964187,0.0489325333215338,0,-2.58161458077666e-06,0
2024-07-02 16:06:00,"M04",0.749369415906687,0.973926155311502,57.7051422751096,11.8078283919035,0.265013139561512,0.082767738612077,0.032824022673715,0,-2.58161458077666e-06,0
2024-07-02 16:07:00,"M01",0.870413017087252,0.456421573739705,63.9364059448449,12.1203486364033,0.178195889316709,0.0356482564789261,0.051798515735826,0,-3.12914676214859e-06,0
2024-07-02 16:08:00,"M02",0.186970706760904,0.760832079945191,59.1008663737282,9.82722004796968,0.212308478043054,0.0803423202698625,0.0522631249532123,0,-3.12914676214859e-06,0
2024-07-02 16:09:00,"M03",0.745367273699042,0.825205894997779,64.0704118468938,13.3820882366133,0.22968977888329,0.107521392653301,0.0785324021053134,0,-3.148388941554e-06,0
2024-07-02 16:10:00,"M04",0.706652616025288,0.29258454361708,58.0055929422842,9.47571470633306,0.15205931176605,0.110919985765916,0.0172527600092286,0,-2.58161458077666e-06,0
2024-07-02 16:11:00,"M01",0.953505937420363,0.347944163621889,71.7354962701812,12.2655199419885,0.216483669383267,0.142164797518637,0.06257931282999,0,-4.12105182476807e-05,0
2024-07-02 16:12:00,"M02",0.883282425948375,0.559779621475976,60.2895787307645,12.2097015711275,0.258914983902265,0.115709925277032,0.0568586699904987,0,-3.12914676214859e-06,0
2024-07-02 16:13:00,"M03",1.03440017874312,0.753753842848103,65.1853138278569,11.4731578429527,0.204962093574674,0.100224737391215,0.0350909172650442,0,-2.58161458077666e-06,0
2024-07-02 16:14:00,"M04",0.845904451581293,0.435676697765507,67.7583817704514,13.2561477644289,0.247873071524027,0.101960229880151,0.0289381580534594,0,-2.58161458077666e-06,0
2024-07-02 16:15:00,"M01",0.532211282955861,0.476056689332333,63.9440512135662,12.5407209933527,0.137015702742921,0.113046803874952,0.0539828929738779,0,-3.12914676214859e-06,0
2024-07-02 16:16:00,"M02",0.99246956087094,0.716377387361058,68.073067835653,11.5688646459003,0.218135646694192,0.100527427566534,0.03093268939954,0,-3.12914676214859e-06,0
2024-07-02 16:17:00,"M03",0.886459445519903,0.684834141207433,64.491781194934,7.51278889689865,0.246389519141553,0.117698730432732,0.00583467810177178,0,-2.58161458077666e-06,0
2024-07-02 16:18:00,"M04",1.0553416967812,0.543320966388649,58.3429834953699,13.9000633276022,0.117998990108791,0.0904417208651855,0.0427312943092423,0,-2.58161458077666e-06,0
2024-07-02 16:19:00,"M01",0.688844813025311,0.503403504830727,73.3629240627788,12.2160589259145,0.187205906417268,0.115116238506156,0.0457792979039089,0,-9.08036017790437e-05,0
2024-07-02 16:20:00,"M02",1.01014399491907,0.713780052080911,61.4926279736489,12.4176747481072,0.30121296529309,0.0574021401300733,0.0362135411401637,0,-5.79073566768784e-05,0
2024-07-02 16:21:00,"M03",0.655526111042671,0.75734709254676,55.9659878569637,14.7343252150505,0.181509614159992,0.104741790503334,0.0253013402453214,0,1.18600346468156e-05,0
2024-07-02 16:22:00,"M04",0.899654638353541,0.461056936894646,65.147498419192,12.6683605672623,0.225969695884785,0.0760125981438328,0.0486751380445925,0,-2.58161458077666e-06,0
2024-07-02 16:23:00,"M01",0.830996264956353,0.631821278563677,73.1950328711629,11.1886254648682,0.257029395595743,0.114633037123015,0.0136257926358682,0,-2.41609650402097e-05,0
2024-07-02 16:24:00,"M02",0.9125221857032,0.686986351491413,62.294266629702,13.163082014951,0.255181907709575,0.117278510714477,0.066023445330005,0,-3.12914676214859e-06,0
2024-07-02 16:25:00,"M03",0.36568534462917,0.368082480842223,65.4140792106908,12.4157859484659,0.0800849700886287,0.0727973854438487,0.0754235224851375,0,-3.148388941554e-06,0
2024-07-02 16:26:00,"M04",0.768208008988252,0.37888019563199,66.7692923651509,10.186226380734,0.199866189557759,0.074853327452486,0.044699334346829,0,-2.58161458077666e-06,0
2024-07-02 16:27:00,"M01",1.16664600865414,0.886498385625755,71.3724058062266,18.8223285154369,0.364870365439547,0.275767581583642,0.17417503823716,1,0.99998813867569,1
2024-07-02 16:28:00,"M02",1.35127729850475,0.907841420385684,86.0342919844044,16.2224583509097,0.213669119840801,0.210650105274469,0.12012812931634,1,1.00254261493683,1
2024-07-02 16:29:00,"M03",0.810168733767293,0.481401889626333,71.4722021346849,17.6235084404116,0.291747772060077,0.218007528746629,0.157805220752626,1,0.999622106552124,1
2024-07-02 16:30:00,"M04",1.3433934277596,0.835798619564874,81.3731812243405,17.4075957394249,0.329045567051509,0.216494819395894,0.0991655911357428,1,1.00016975402832,1
2024-07-02 16:31:00,"M01",1.06814586663024,0.918822511572789,75.0091282013087,11.203647023667,0.433461901659254,0.21837251114697,0.13296742365436,1,0.999764502048492,1
2024-07-02 16:32:00,"M02",1.39449471616049,1.25813011423859,71.4499422746529,17.9405190565058,0.270318582065134,0.198225175095829,0.0747426142206889,1,0.977514624595642,1
2024-07-02 16:33:00,"M03",1.23022681434858,0.858126973391732,82.2896167813015,17.7847981550495,0.397980223312642,0.155497394625971,0.139557189731751,1,1.0007381439209,1
2024-07-02 16:34:00,"M04",1.18218858833273,1.1069424695477,69.6610041780888,18.1865455514231,0.347887378139374,0.212210900399639,0.146137419147011,1,1.0000147819519,1
2024-07-02 16:35:00,"M01",0.826137432571156,0.976076145061576,78.1229900476429,17.5480962615787,0.348081598956352,0.241209527836966,0.134081164781578,1,1.00052201747894,1
2024-07-02 16:36:00,"M02",1.01067541931946,1.15112887417108,69.8494190490434,16.872640943347,0.397552140309498,0.162582158614565,0.169021714813886,1,0.999835610389709,1
2024-07-02 16:37:00,"M03",1.01206013673702,1.19550846358213,69.0795300642536,17.739567944597,0.354190686204419,0.217028400020181,0.169325573694414,1,1.00008010864258,1
2024-07-02 16:38:00,"M04",0.555907885813042,0.931711309943714,75.5761286756867,15.6547509530101,0.281241912984667,0.191242899336251,0.107524343500441,1,0.999887466430664,1
2024-07-02 16:39:00,"M01",0.936257186605268,1.004567929615,71.8129442663249,9.88063803168189,0.525832382515432,0.199917147635706,0.184406018592552,1,1.00038278102875,1
2024-07-02 16:40:00,"M02",1.65536649917078,0.902195347457959,76.0514869974246,17.1731798116599,0.301236708102764,0.214232687549985,0.098506045966188,1,0.999621629714966,1
2024-07-02 16:41:00,"M03",1.04897283491778,0.897802339246226,76.1788789911509,15.2643280450521,0.393920163126167,0.19435200103829,0.0811973756524295,1,1.0077691078186,1
2024-07-02 16:42:00,"M04",1.07913092033622,0.969998630671125,81.4514170453484,19.4952417211547,0.390470823608171,0.173143047202937,0.126230381389755,1,1.00059342384338,1
2024-07-02 16:43:00,"M01",1.44252562202529,0.842964321013317,68.1332091885025,12.6609866658054,0.258694662255113,0.206918160918946,0.0566297672675037,1,0.697911322116852,1
2024-07-02 16:44:00,"M02",1.1173278390563,0.885801846706418,72.5370307306905,18.6021824608983,0.336877981433305,0.167219866863667,0.159668362958075,1,0.999692261219025,1
2024-07-02 16:45:00,"M03",1.1161318809354,1.19142909598839,79.3098649425534,15.0801188293192,0.291829374524055,0.174253113858703,0.130714321400478,1,0.999922931194305,1
2024-07-02 16:46:00,"M04",1.31109092562569,0.953780926029162,68.4210470148047,15.8882671642023,0.345116969589418,0.182570305858002,0.122584073160575,1,0.999983012676239,1
2024-07-02 16:47:00,"M01",1.25431067280544,0.787062411732988,76.0577372328207,14.4372701921388,0.360727428167067,0.19627973993805,0.135870834180793,1,1.00007879734039,1
2024-07-02 16:48:00,"M02",1.16441882386401,0.924320577891219,78.8391252651783,16.7346729017452,0.254490319651818,0.236347189480336,0.194034828616473,1,0.999975919723511,1
2024-07-02 16:49:00,"M03",1.30504719494555,0.707870143979851,74.3665706710659,20.5753436336804,0.263881276717813,0.17404156183386,0.143048021529536,1,1.00058031082153,1
2024-07-02 16:50:00,"M04",1.29791811746195,0.989996310410468,82.7190007139333,22.3631114026363,0.266007540018133,0.228532311649929,0.12068903605175,1,0.999993562698364,1
2024-07-02 16:51:00,"M01",1.35717692177404,1.02301547042319,74.2210624671567,16.8207376624544,0.358294310215692,0.199275724885993,0.163542247280012,1,1.00015389919281,1
2024-07-02 16:52:00,"M02",1.42989690671596,0.877387857577576,88.234033780982,15.0617215019587,0.376127586537186,0.231550223377813,0.128738388599455,1,0.999977052211761,1
2024-07-02 16:53:00,"M03",1.15304742455552,0.832122946864232,74.6906542982813,18.0431631712946,0.358868462315802,0.217498979724036,0.145848606608172,1,1.00017142295837,1
2024-07-02 16:54:00,"M04",1.14464545018631,0.788949287409406,67.1865025137677,16.8229634629121,0.337544040692654,0.16177130896447,0.0836397318270742,1,0.225709602236748,0
2024-07-02 16:55:00,"M01",0.782245811134177,1.30679598382627,83.1712911724553,17.0447735077588,0.411679411163879,0.147512048720292,0.0931320434702277,1,0.282512962818146,0
2024-07-02 16:56:00,"M02",1.53493540737797,0.772121000138908,73.812189249447,14.9166178832058,0.36065800116385,0.131035527300395,0.0578576457593963,1,1.00758337974548,1
2024-07-02 16:57:00,"M03",1.33922225778284,1.02328501950169,78.3840516090711,12.6631489388934,0.383164209704548,0.21811509095674,0.0887529952504802,1,1.0038890838623,1
2024-07-02 16:58:00,"M04",1.42663662045423,0.690948225441494,80.498145160019,18.4359275087473,0.364710460225844,0.249646282983273,0.117219564565539,1,1.0001060962677,1
2024-07-02 16:59:00,"M01",1.46437259066948,0.914120085802597,75.6345713037818,13.7396833741327,0.329204244756852,0.222156437181001,0.1560983665041,1,1.00036549568176,1
2024-07-02 17:00:00,"M02",1.66434079883996,1.00629569906449,72.6333423127608,13.5074002594957,0.291548508048462,0.2100603610519,0.0974756990359161,1,0.999482989311218,1
2024-07-02 17:01:00,"M03",0.794370327940258,1.01740881250073,70.9146727301465,14.2698794956916,0.304577264713228,0.217457104157964,0.138606626716991,1,1.00006747245789,1
2024-07-02 17:02:00,"M04",1.30481596125905,0.760013710396284,78.4408696780037,20.2697648660399,0.398347408520083,0.219989320156807,0.120002248143507,1,1.0001060962677,1
2024-07-02 17:03:00,"M01",1.22600797676762,0.817136828425853,73.0559241578931,8.79983036670316,0.366894387249573,0.202855483818544,0.0622609665518011,1,0.990826010704041,1
2024-07-02 17:04:00,"M02",1.02230974709838,0.970889155729823,77.6846397005765,16.982674165159,0.371945203672568,0.218361090997818,0.120542038481963,1,1.00056254863739,1
2024-07-02 17:05:00,"M03",0.844552190816652,0.761416420076643,65.2639325517869,12.5071932070861,0.119515734207026,0.0987125035862234,0.0178946510629886,0,-2.58161458077666e-06,0
2024-07-02 17:06:00,"M04",0.613865816364152,0.434220731134577,64.767161133808,9.17883393050417,0.215540308555188,0.126463716040269,0.0705409783105537,0,-2.58161458077666e-06,0
2024-07-02 17:07:00,"M01",1.07339489143363,0.495882979712915,62.2829419686941,13.5449199268134,0.220247640323433,0.103990440930394,0.0697580720645578,0,-3.12914676214859e-06,0
2024-07-02 17:08:00,"M02",0.583628006385648,0.669002735058781,63.9346272472155,12.7620317246135,0.291005961879025,0.0632605036817764,0.0474151188523967,0,-3.12914676214859e-06,0
2024-07-02 17:09:00,"M03",1.11736123380076,0.564289218794169,63.8433317218221,10.9141039460242,0.0701078259204526,0.117657680775698,0.0423646378752157,0,-2.58161458077666e-06,0
2024-07-02 17:10:00,"M04",0.787939684123417,0.67147140675215,63.3108341754938,10.845142038045,0.20296350967935,0.132336139469688,0.0536113649826328,0,-2.58161458077666e-06,0
2024-07-02 17:11:00,"M01",0.791092015329089,0.73008671021344,67.3196673385027,14.5197324277384,0.168731837011138,0.119941435746742,0.0432233023096101,0,-3.12914676214859e-06,0
2024-07-02 17:12:00,"M02",0.918020681817339,0.57716507851257,66.762839130388,11.9628731131966,0.283486559506103,0.114643763747346,0.0643486615339375,0,-3.12914676214859e-06,0
2024-07-02 17:13:00,"M03",0.88624029623087,0.407975480558619,68.5228051567982,14.3890053315512,0.205928295607645,0.077918399974785,0.041421970430493,0,-2.58161458077666e-06,0
2024-07-02 17:14:00,"M04",0.834503368679221,0.554162427464503,62.4914519692383,11.2961451594894,0.22877639654844,0.104209237457217,0.0540434499124066,0,-2.58161458077666e-06,0
2024-07-02 17:15:00,"M01",0.825880110548889,0.507240778406059,62.5009077603717,11.9403333281809,0.100440116769788,0.0670413150193795,0.0567121333432276,0,-3.12914676214859e-06,0
2024-07-02 17:16:00,"M02",0.899296045429355,0.615016666998332,64.3011513395912,10.6976348755091,0.186916297150589,0.0927054945819271,0.0433978879090924,0,-3.12914676214859e-06,0
2024-07-02 17:17:00,"M03",0.473955390483739,0.60315393795987,65.2828950676857,10.2880846054331,0.133356948690593,0.14421422754369,0.0611402877643995,0,-1.81882078322815e-05,0
2024-07-02 17:18:00,"M04",0.80390995903844,0.477763313436693,66.2422275577593,14.2299417482415,0.190143957580285,0.0922827490704752,0.0851553747256771,0,-1.51437598105986e-05,0
2024-07-02 17:19:00,"M01",1.01998799902109,0.354056532009992,55.8757555545047,7.74843035316102,0.146480552836991,0.125460260455626,0.0276441969172741,0,0.000163048258400522,0
